{
	"data": [
		{
			"id": "1234272176611590",
			"type": "LIKE"
		},
		{
			"id": "134942030316459",
			"type": "LIKE"
		},
		{
			"id": "629451193923164",
			"type": "LIKE"
		},
		{
			"id": "988885284572258",
			"type": "LIKE"
		},
		{
			"id": "1169244146497170",
			"type": "LIKE"
		},
		{
			"id": "10211133642918262",
			"type": "LIKE"
		},
		{
			"id": "1779047189015219",
			"type": "WOW"
		},
		{
			"id": "1019408734854865",
			"type": "LIKE"
		},
		{
			"id": "10209723375872947",
			"type": "LIKE"
		},
		{
			"id": "10207763012301794",
			"type": "LIKE"
		},
		{
			"id": "1133521366717541",
			"type": "LIKE"
		},
		{
			"id": "831366690299227",
			"type": "LIKE"
		},
		{
			"id": "220369391720041",
			"type": "LOVE"
		},
		{
			"id": "10209320468102102",
			"type": "LIKE"
		},
		{
			"id": "1774154689499767",
			"type": "LIKE"
		},
		{
			"id": "1297011670348921",
			"type": "LIKE"
		},
		{
			"id": "1352789101400058",
			"type": "LOVE"
		},
		{
			"id": "1254922497864583",
			"type": "LIKE"
		},
		{
			"id": "10209775256852424",
			"type": "LIKE"
		},
		{
			"id": "1886464478250130",
			"type": "WOW"
		},
		{
			"id": "1814889025452702",
			"type": "WOW"
		},
		{
			"id": "1292552470765090",
			"type": "LIKE"
		},
		{
			"id": "1719557668363198",
			"type": "LIKE"
		},
		{
			"id": "10210794969251518",
			"type": "LIKE"
		},
		{
			"id": "10207513025520714",
			"type": "LOVE"
		},
		{
			"id": "380262742317692",
			"type": "LIKE"
		},
		{
			"id": "1731298353563327",
			"type": "LIKE"
		},
		{
			"id": "588323821292845",
			"type": "LIKE"
		},
		{
			"id": "1307962535922724",
			"type": "LIKE"
		},
		{
			"id": "926268564184636",
			"type": "LIKE"
		},
		{
			"id": "10202425484514190",
			"type": "LIKE"
		},
		{
			"id": "1313665958663875",
			"type": "LIKE"
		},
		{
			"id": "1430762586964099",
			"type": "LIKE"
		},
		{
			"id": "1126034374140221",
			"type": "LOVE"
		},
		{
			"id": "1740419919613458",
			"type": "LIKE"
		},
		{
			"id": "1208971585830661",
			"type": "LIKE"
		},
		{
			"id": "1234716019929576",
			"type": "LIKE"
		},
		{
			"id": "128667984281625",
			"type": "LIKE"
		},
		{
			"id": "1144269062276006",
			"type": "LIKE"
		},
		{
			"id": "566012476921192",
			"type": "LIKE"
		},
		{
			"id": "10211847013677073",
			"type": "LIKE"
		},
		{
			"id": "591827574358490",
			"type": "LIKE"
		},
		{
			"id": "1446285702067329",
			"type": "LIKE"
		},
		{
			"id": "970651886372262",
			"type": "LIKE"
		},
		{
			"id": "10210577589503368",
			"type": "LIKE"
		},
		{
			"id": "1358463057519800",
			"type": "LIKE"
		},
		{
			"id": "10206434821304066",
			"type": "LIKE"
		},
		{
			"id": "1050485755059853",
			"type": "LIKE"
		},
		{
			"id": "569205899953028",
			"type": "LOVE"
		},
		{
			"id": "1157035534372105",
			"type": "LIKE"
		},
		{
			"id": "1338119609555519",
			"type": "LIKE"
		},
		{
			"id": "1394886943884618",
			"type": "LIKE"
		},
		{
			"id": "10154165598078775",
			"type": "LIKE"
		},
		{
			"id": "1034870329976071",
			"type": "LOVE"
		},
		{
			"id": "1313024988717039",
			"type": "LIKE"
		},
		{
			"id": "1104210879647765",
			"type": "LIKE"
		},
		{
			"id": "1250895511597152",
			"type": "LIKE"
		},
		{
			"id": "10157785235335158",
			"type": "LIKE"
		},
		{
			"id": "332221163810961",
			"type": "LIKE"
		},
		{
			"id": "466301310206844",
			"type": "LIKE"
		},
		{
			"id": "10210858475675578",
			"type": "LIKE"
		},
		{
			"id": "10211141771210286",
			"type": "LOVE"
		},
		{
			"id": "198512830601202",
			"type": "LIKE"
		},
		{
			"id": "1156549281099965",
			"type": "LIKE"
		},
		{
			"id": "1308084865889930",
			"type": "WOW"
		},
		{
			"id": "163223630813598",
			"type": "LIKE"
		},
		{
			"id": "10209772973273535",
			"type": "LIKE"
		},
		{
			"id": "714078108740069",
			"type": "LIKE"
		},
		{
			"id": "1330715160296637",
			"type": "LIKE"
		},
		{
			"id": "1581763458507804",
			"type": "LIKE"
		},
		{
			"id": "1380591395308298",
			"type": "LIKE"
		},
		{
			"id": "10209479945250299",
			"type": "LIKE"
		},
		{
			"id": "1205961892831284",
			"type": "LIKE"
		},
		{
			"id": "10210764394530534",
			"type": "LIKE"
		},
		{
			"id": "1330939916924681",
			"type": "LIKE"
		},
		{
			"id": "725725220937225",
			"type": "LIKE"
		},
		{
			"id": "1365203666825203",
			"type": "LIKE"
		},
		{
			"id": "352449525147299",
			"type": "LIKE"
		},
		{
			"id": "10207793965391689",
			"type": "LIKE"
		},
		{
			"id": "1915377412023265",
			"type": "LIKE"
		},
		{
			"id": "1136735036403470",
			"type": "LIKE"
		},
		{
			"id": "10153876224665303",
			"type": "LIKE"
		},
		{
			"id": "1168980439857187",
			"type": "LIKE"
		},
		{
			"id": "1710105552650530",
			"type": "LIKE"
		},
		{
			"id": "1710060592644942",
			"type": "WOW"
		},
		{
			"id": "1120860868028920",
			"type": "LIKE"
		},
		{
			"id": "1267407759946316",
			"type": "LIKE"
		},
		{
			"id": "10209784850292329",
			"type": "LIKE"
		},
		{
			"id": "1510824345600163",
			"type": "LIKE"
		},
		{
			"id": "215845142159021",
			"type": "LIKE"
		},
		{
			"id": "1262822600445773",
			"type": "LIKE"
		},
		{
			"id": "1369264386457847",
			"type": "LIKE"
		},
		{
			"id": "10154077130884013",
			"type": "LIKE"
		},
		{
			"id": "1771685819749707",
			"type": "LIKE"
		},
		{
			"id": "1716472848679967",
			"type": "WOW"
		},
		{
			"id": "10207698975895808",
			"type": "LIKE"
		},
		{
			"id": "10209757463644865",
			"type": "LIKE"
		},
		{
			"id": "1353190328026604",
			"type": "LIKE"
		},
		{
			"id": "10211774009444949",
			"type": "LIKE"
		},
		{
			"id": "1313236588706703",
			"type": "LIKE"
		},
		{
			"id": "1480970011917873",
			"type": "LIKE"
		},
		{
			"id": "10209958561417262",
			"type": "LIKE"
		},
		{
			"id": "941931822617877",
			"type": "LIKE"
		},
		{
			"id": "10211245775719415",
			"type": "LIKE"
		},
		{
			"id": "10205807743392454",
			"type": "LIKE"
		},
		{
			"id": "1321038751274204",
			"type": "LIKE"
		},
		{
			"id": "1362202297125925",
			"type": "LIKE"
		},
		{
			"id": "10211344685682184",
			"type": "LIKE"
		},
		{
			"id": "1728568180798725",
			"type": "LIKE"
		},
		{
			"id": "10209990753959235",
			"type": "LIKE"
		},
		{
			"id": "10154592176971166",
			"type": "LIKE"
		}
	],
	"cursors": {
		"before": "TVRBd01EQXdPRFkwTlRneE56STJPakUwTnprME5qUXdNRFE2TWpVME1EazJNVFl4TXc9PQZDZD",
		"after": "TlRZAeU1EazJNVFkxT2pFME56ZAzRPRE0zTXpjNk1qVTBNRGsyTVRZAeE13PT0ZD"
	}
}